Scenario,Estimator,Controller,Beta_RMSE_deg,Yaw_RMSE_deg_s,Speed_RMSE_km_h,Integrated_Position_RMSE_m,P95_Beta_Error_deg,Max_Beta_Error_deg,Recovery_s,Control_Effort,Mean_Compute_ms,Max_Tire_Util,Command_Slew_Violations,Success
baseline,truth,PID,32.291118,99.678194,1.424456,27.633314,33.005492,43.158549,NaN,10.619976,0.003305,1.000000,0,0
baseline,truth,Fixed LQR,0.001446,0.005130,0.001484,3.070797,0.000295,0.017872,0.000000,4.193833,0.005494,1.000000,4,1
baseline,truth,Gain-Scheduled LQR,0.000938,0.003766,0.001021,3.071906,0.000131,0.012139,0.000000,4.193474,0.024218,1.000000,5,1
baseline,truth,Constrained MPC,0.012860,0.013080,0.012910,3.053209,0.020746,0.100847,0.000000,4.196194,0.472759,1.000000,0,1
wet_road,truth,PID,89.715981,166.349191,22.849183,21.489381,120.344306,121.418721,NaN,13.204347,0.002745,1.000000,0,0
wet_road,truth,Fixed LQR,3.926113,6.477944,2.872121,11.804481,8.379837,9.500243,0.000000,5.210127,0.004856,1.000000,25,1
wet_road,truth,Gain-Scheduled LQR,3.833948,6.508043,2.850266,11.768080,8.171691,9.718260,0.000000,5.185873,0.021471,1.000000,26,1
wet_road,truth,Constrained MPC,31.965793,45.540917,21.683134,14.873680,48.755242,50.462150,NaN,10.345701,0.459897,1.000000,0,0
crosswind,truth,PID,32.347462,99.475102,1.424807,27.361851,35.280665,43.158549,NaN,10.622130,0.002703,1.000000,0,0
crosswind,truth,Fixed LQR,0.211105,0.339228,0.056123,3.035048,0.010617,3.373887,0.000000,4.213652,0.004622,1.000000,18,1
crosswind,truth,Gain-Scheduled LQR,0.209865,0.328066,0.058345,3.038267,0.007750,3.373887,0.000000,4.213178,0.021447,1.000000,18,1
crosswind,truth,Constrained MPC,6.705660,4.982706,5.206652,3.268737,9.800264,10.113053,NaN,6.614921,0.466085,1.000000,0,0
payload,truth,PID,32.522341,99.761732,1.550351,27.669059,33.531315,43.158549,NaN,10.674891,0.002928,1.000000,0,0
payload,truth,Fixed LQR,0.314003,0.362756,0.190500,3.064666,0.623616,0.623616,0.000000,4.161056,0.004983,1.000000,8,1
payload,truth,Gain-Scheduled LQR,0.323300,0.377304,0.199922,3.065917,0.640751,0.640751,0.000000,4.159349,0.021110,1.000000,9,1
payload,truth,Constrained MPC,1.097452,1.050309,0.920266,3.281499,2.256795,2.257332,0.000000,4.035867,0.461724,1.000000,0,1
sensor_noise,ekf,PID,40.354759,94.106230,28.557415,14.204010,50.841690,51.992618,NaN,12.659217,0.002997,1.000000,63,0
sensor_noise,ekf,Fixed LQR,0.175713,0.765788,0.147841,2.931196,0.355025,0.415778,0.000000,4.279572,0.004879,1.000000,916,1
sensor_noise,ekf,Gain-Scheduled LQR,0.173478,0.766702,0.150682,2.931712,0.346186,0.408394,0.000000,4.275635,0.021900,1.000000,919,1
sensor_noise,ekf,Constrained MPC,0.258522,0.609640,0.206222,2.868883,0.485085,0.780405,0.000000,4.278853,0.458042,1.000000,0,1
combined,ekf,PID,88.850052,161.616300,22.736513,22.158610,119.862142,120.977702,NaN,13.199987,0.002699,1.000000,7,0
combined,ekf,Fixed LQR,4.791393,5.934206,4.117308,9.604377,10.520939,10.853411,0.000000,5.529667,0.004745,1.000000,889,1
combined,ekf,Gain-Scheduled LQR,4.675710,5.964274,4.071305,9.548927,10.213483,11.106671,0.000000,5.491111,0.022036,1.000000,887,1
combined,ekf,Constrained MPC,28.966128,37.350819,19.954516,15.802934,49.168772,51.728834,NaN,9.565065,0.449658,1.000000,0,0
